BOLD Code,Frequency,,,
BOLD:AAA1223,32,,,
BOLD:AAA1265,13,,,
BOLD:AAA1634,4,,,
BOLD:AAA2445,3,,,
BOLD:AAA2794,19,,,
BOLD:AAA2816,9,,,
BOLD:AAA2958,5,,,
BOLD:AAA3077,34,,,
BOLD:AAA3934,209,,,
BOLD:AAA4444,6,,,
BOLD:AAA4554,208,,,
BOLD:AAA4564,1,,,
BOLD:AAA4572,56,,,
BOLD:AAA4575,1,,,
BOLD:AAA4578,4,,,
BOLD:AAA4583,1,,,
BOLD:AAA4584,4,,,
BOLD:AAA4587,5,,,
BOLD:AAA4603,3,,,
BOLD:AAA4794,7,,,
BOLD:AAA5374,12,,,
BOLD:AAA6269,9,,,
BOLD:AAA6667,176,,,
BOLD:AAA6668,21,,,
BOLD:AAA7058,4,,,
BOLD:AAA7143,41,,,
BOLD:AAA7181,1,,,
BOLD:AAA7636,4,,,
BOLD:AAA8869,2,,,
BOLD:AAA9309,7,,,
BOLD:AAB0594,58,,,
BOLD:AAB1086,1,,,
BOLD:AAB1658,1,,,
BOLD:AAB2471,6,,,
BOLD:AAB2826,14,,,
BOLD:AAB4677,7,,,
BOLD:AAB5549,8,,,
BOLD:AAB6336,1,,,
BOLD:AAB6355,1,,,
BOLD:AAB6927,5,,,
BOLD:AAB7535,2,,,
BOLD:AAB7636,53,,,
BOLD:AAB8584,1,,,
BOLD:AAB9141,2,,,
BOLD:AAB9372,11,,,
BOLD:AAB9863,29,,,
BOLD:AAC0735,231,,,
BOLD:AAC1160,1,,,
BOLD:AAC1179,6,,,
BOLD:AAC1260,1,,,
BOLD:AAC1266,12,,,
BOLD:AAC2117,95,,,
BOLD:AAC2295,1,,,
BOLD:AAC3252,1,,,
BOLD:AAC5219,11,,,
BOLD:AAC5317,8,,,
BOLD:AAC6114,3,,,
BOLD:AAC6165,4,,,
BOLD:AAC6257,5,,,
BOLD:AAC7481,2,,,
BOLD:AAC8392,13,,,
BOLD:AAC8420,10,,,
BOLD:AAC9585,1,,,
BOLD:AAC9678,3,,,
BOLD:AAC9684,2,,,
BOLD:AAD1123,1,,,
BOLD:AAD1129,4,,,
BOLD:AAD1322,2,,,
BOLD:AAD1416,5,,,
BOLD:AAD1799,1,,,
BOLD:AAD1805,1,,,
BOLD:AAD2236,93,,,
BOLD:AAD3521,2,,,
BOLD:AAD3623,2,,,
BOLD:AAD3624,17,,,
BOLD:AAD3978,2,,,
BOLD:AAD4440,2,,,
BOLD:AAD4646,2,,,
BOLD:AAD6534,1,,,
BOLD:AAD6535,2,,,
BOLD:AAD6849,3,,,
BOLD:AAD6850,1,,,
BOLD:AAD6988,2,,,
BOLD:AAD9471,1,,,
BOLD:AAD9684,1,,,
BOLD:AAD9699,51,,,
BOLD:AAD9754,6,,,
BOLD:AAE0329,5,,,
BOLD:AAE0922,403,,,
BOLD:AAE0967,1,,,
BOLD:AAE1352,1,,,
BOLD:AAE2270,1,,,
BOLD:AAE2842,17,,,
BOLD:AAE3605,1,,,
BOLD:AAE4116,12,,,
BOLD:AAE5701,1,,,
BOLD:AAE6454,16,,,
BOLD:AAE6754,2,,,
BOLD:AAE7080,38,,,
BOLD:AAE7160,6,,,
BOLD:AAE7879,1,,,
BOLD:AAE8274,13,,,
BOLD:AAE8275,3,,,
BOLD:AAE8429,7,,,
BOLD:AAE8596,1,,,
BOLD:AAE8602,16,,,
BOLD:AAE9335,12,,,
BOLD:AAE9345,5,,,
BOLD:AAF0520,1,,,
BOLD:AAF2633,1,,,
BOLD:AAF3301,1,,,
BOLD:AAF3799,10,,,
BOLD:AAF4762,1,,,
BOLD:AAF5702,3,,,
BOLD:AAF5712,15,,,
BOLD:AAF6107,12,,,
BOLD:AAF7670,20,,,
BOLD:AAF8047,1,,,
BOLD:AAF8074,1,,,
BOLD:AAF8130,1,,,
BOLD:AAF8182,7,,,
BOLD:AAF8296,1,,,
BOLD:AAF8310,1,,,
BOLD:AAF8353,2,,,
BOLD:AAF8662,8,,,
BOLD:AAF8734,12,,,
BOLD:AAG1371,3,,,
BOLD:AAG1373,3,,,
BOLD:AAG1375,2,,,
BOLD:AAG1379,1,,,
BOLD:AAG1402,1,,,
BOLD:AAG1478,11,,,
BOLD:AAG8211,6,,,
BOLD:AAH2836,7,,,
BOLD:AAH6910,3,,,
BOLD:AAH8700,1,,,
BOLD:AAH8703,2,,,
BOLD:AAH8705,2,,,
BOLD:AAH8712,1,,,
BOLD:AAH8721,1,,,
BOLD:AAH8733,2,,,
BOLD:AAH8920,9,,,
BOLD:AAH9964,3,,,
BOLD:AAI2109,1,,,
BOLD:AAI3056,1,,,
BOLD:AAI7271,1,,,
BOLD:AAI7282,1,,,
BOLD:AAI7285,10,,,
BOLD:AAI7293,5,,,
BOLD:AAI7299,1,,,
BOLD:AAI7301,4,,,
BOLD:AAI7313,1,,,
BOLD:AAI7344,2,,,
BOLD:AAI7795,12,,,
BOLD:AAI9077,11,,,
BOLD:AAI9747,3,,,
BOLD:AAJ1367,5,,,
BOLD:AAJ1368,6,,,
BOLD:AAJ1513,2,,,
BOLD:AAJ1515,1,,,
BOLD:AAJ1768,5,,,
BOLD:AAJ2061,55,,,
BOLD:AAJ3538,1,,,
BOLD:AAJ5618,1,,,
BOLD:AAJ5709,4,,,
BOLD:AAJ6893,1,,,
BOLD:AAJ7235,2,,,
BOLD:AAJ8818,1,,,
BOLD:AAK0117,1,,,
BOLD:AAK0959,1,,,
BOLD:AAK1566,1,,,
BOLD:AAK1628,13,,,
BOLD:AAK1643,4,,,
BOLD:AAK1646,4,,,
BOLD:AAK1654,2,,,
BOLD:AAK1700,3,,,
BOLD:AAK1709,3,,,
BOLD:AAK1722,1,,,
BOLD:AAK1946,17,,,
BOLD:AAK3035,8,,,
BOLD:AAK9737,10,,,
BOLD:AAK9744,1,,,
BOLD:AAL1022,3,,,
BOLD:AAL2277,1,,,
BOLD:AAL2325,1,,,
BOLD:AAL3681,3,,,
BOLD:AAL3684,1,,,
BOLD:AAL8247,25,,,
BOLD:AAM1059,9,,,
BOLD:AAM1075,4,,,
BOLD:AAM1107,2,,,
BOLD:AAM1109,1,,,
BOLD:AAM1443,4,,,
BOLD:AAM5088,78,,,
BOLD:AAM5150,17,,,
BOLD:AAM5224,3,,,
BOLD:AAM5230,16,,,
BOLD:AAM5231,1,,,
BOLD:AAM5381,3,,,
BOLD:AAM5482,2,,,
BOLD:AAM5650,1,,,
BOLD:AAM5670,1,,,
BOLD:AAM5671,2,,,
BOLD:AAM5673,1,,,
BOLD:AAM5683,3,,,
BOLD:AAM5736,2,,,
BOLD:AAM5739,1,,,
BOLD:AAM5741,1,,,
BOLD:AAM5746,2,,,
BOLD:AAM5747,1,,,
BOLD:AAM5748,1,,,
BOLD:AAM5749,1,,,
BOLD:AAM5751,2,,,
BOLD:AAM5842,14,,,
BOLD:AAM5846,1,,,
BOLD:AAM5847,64,,,
BOLD:AAM5853,5,,,
BOLD:AAM5951,14,,,
BOLD:AAM5983,5,,,
BOLD:AAM6962,1,,,
BOLD:AAM9596,29,,,
BOLD:AAM9598,49,,,
BOLD:AAN1872,1,,,
BOLD:AAN2537,1,,,
BOLD:AAN2539,1,,,
BOLD:AAN3422,1,,,
BOLD:AAN5126,1,,,
BOLD:AAN7915,168,,,
BOLD:AAN7935,6,,,
BOLD:AAN8087,109,,,
BOLD:AAO2517,1,,,
BOLD:AAP0846,42,,,
BOLD:AAP0854,1,,,
BOLD:AAP8560,47,,,
BOLD:AAP8572,9,,,
BOLD:AAP9457,51,,,
BOLD:AAS0522,1,,,
BOLD:AAT8855,15,,,
BOLD:AAT9029,1,,,
BOLD:AAT9451,35,,,
BOLD:AAU6089,4,,,
BOLD:AAU8418,1,,,
BOLD:AAU8427,3,,,
BOLD:AAV0639,1,,,
BOLD:AAV2017,9,,,
BOLD:AAV2052,4,,,
BOLD:AAV2062,1,,,
BOLD:AAV3008,9,,,
BOLD:AAV3029,133,,,
BOLD:AAV3037,1,,,
BOLD:AAV3607,1,,,
BOLD:AAV4087,3,,,
BOLD:AAV4210,1,,,
BOLD:AAV6274,1,,,
BOLD:AAV6307,2,,,
BOLD:AAW0421,3,,,
BOLD:AAW0422,8,,,
BOLD:AAW1568,1,,,
BOLD:AAW1643,2,,,
BOLD:AAW3563,1,,,
BOLD:AAW4582,8,,,
BOLD:AAW7161,1,,,
BOLD:AAX0231,11,,,
BOLD:AAX1299,9,,,
BOLD:AAX2065,2,,,
BOLD:AAX2124,4,,,
BOLD:AAX4327,1,,,
BOLD:AAX4329,1,,,
BOLD:AAX5069,1,,,
BOLD:AAX7726,1,,,
BOLD:AAX8342,1,,,
BOLD:AAX8653,1,,,
BOLD:AAX8739,20,,,
BOLD:AAY0244,2,,,
BOLD:AAY0742,1,,,
BOLD:AAY0743,2,,,
BOLD:AAY0767,2,,,
BOLD:AAY0770,1,,,
BOLD:AAY0777,1,,,
BOLD:AAY1040,41,,,
BOLD:AAY1042,1,,,
BOLD:AAY2034,3,,,
BOLD:AAY2036,1,,,
BOLD:AAZ5145,1,,,
BOLD:AAZ6457,6,,,
BOLD:AAZ9572,2,,,
BOLD:ABA0898,13,,,
BOLD:ABA3469,2,,,
BOLD:ABA7260,1,,,
BOLD:ABA7264,2,,,
BOLD:ABA7282,1,,,
BOLD:ABA9261,1,,,
BOLD:ABA9277,1,,,
BOLD:ABA9319,1,,,
BOLD:ABU6916,1,,,
BOLD:ABV2819,4,,,
BOLD:ABV9880,1,,,
BOLD:ABV9885,4,,,
BOLD:ABV9889,5,,,
BOLD:ABV9890,2,,,
BOLD:ABV9893,2,,,
BOLD:ABV9894,1,,,
BOLD:ABV9896,9,,,
BOLD:ABV9897,9,,,
BOLD:ABV9903,1,,,
BOLD:ABV9904,6,,,
BOLD:ABV9909,4,,,
BOLD:ABV9917,13,,,
BOLD:ABV9918,11,,,
BOLD:ABV9919,32,,,
BOLD:ABV9920,1,,,
BOLD:ABV9924,2,,,
BOLD:ABW1900,75,,,
BOLD:ABW3270,2,,,
BOLD:ABX0078,1,,,
BOLD:ABX0079,1,,,
BOLD:ABX0080,1,,,
BOLD:ABX0082,3,,,
BOLD:ABX0084,1,,,
BOLD:ABX0087,1,,,
BOLD:ABX0089,7,,,
BOLD:ABX0090,6,,,
BOLD:ABX0092,1,,,
BOLD:ABX0449,2,,,
BOLD:ABX5195,5,,,
BOLD:ABX5209,1,,,
BOLD:ABX5732,9,,,
BOLD:ABX5812,8,,,
BOLD:ABX5981,3,,,
BOLD:ABX6267,5,,,
BOLD:ABX6466,10,,,
BOLD:ABX6541,8,,,
BOLD:ABX6745,1,,,
BOLD:ABX9145,6,,,
BOLD:ABX9555,1,,,
BOLD:ABY6626,1,,,
BOLD:ABY6627,1,,,
BOLD:ABY7235,3,,,
BOLD:ABY9810,1,,,
BOLD:ABZ1039,1,,,
BOLD:ABZ2026,2,,,
BOLD:ABZ2906,4,,,
BOLD:ABZ3129,10,,,
BOLD:ABZ8595,1,,,
BOLD:ABZ9198,9,,,
BOLD:ABZ9413,37,,,
BOLD:ABZ9604,13,,,
BOLD:ABZ9606,1,,,
BOLD:ACA6835,1,,,
BOLD:ACA7259,108,,,
BOLD:ACA7541,1,,,
BOLD:ACB1289,2,,,
BOLD:ACB1893,3,,,
BOLD:ACB2774,1,,,
BOLD:ACB3674,8,,,
BOLD:ACB8549,4,,,
BOLD:ACC1822,4,,,
BOLD:ACC2880,1,,,
BOLD:ACD1846,2,,,
BOLD:ACD3501,75,,,
BOLD:ACD5587,2,,,
BOLD:ACD5588,225,,,
BOLD:ACD5669,2,,,
BOLD:ACD6086,1,,,
BOLD:ACD6263,6,,,
BOLD:ACD6344,1,,,
BOLD:ACD6349,1,,,
BOLD:ACE1984,49,,,
BOLD:ACE3396,6,,,
BOLD:ACE4337,3,,,
BOLD:ACE7370,8,,,
BOLD:ACE7735,9,,,
BOLD:ACE8120,1,,,
BOLD:ACE8721,7,,,
BOLD:ACE8845,6,,,
BOLD:ACE8951,1,,,
BOLD:ACF0272,10,,,
BOLD:ACF0511,8,,,
BOLD:ACF1747,1,,,
BOLD:ACF2929,2,,,
BOLD:ACF2953,1,,,
BOLD:ACF2959,1,,,
BOLD:ACF2960,1,,,
BOLD:ACF3142,2,,,
BOLD:ACF3757,7,,,
BOLD:ACF4585,4,,,
BOLD:ACF6015,1,,,
BOLD:ACF6796,2,,,
BOLD:ACF6798,7,,,
BOLD:ACF6887,41,,,
BOLD:ACF6889,4,,,
BOLD:ACF6933,27,,,
BOLD:ACF7117,2,,,
BOLD:ACF7324,91,,,
BOLD:ACF7382,4,,,
BOLD:ACF7385,2,,,
BOLD:ACF7386,1,,,
BOLD:ACF7495,2,,,
BOLD:ACF7496,1,,,
BOLD:ACF7550,2,,,
BOLD:ACF7871,2,,,
BOLD:ACF7873,45,,,
BOLD:ACF7876,5,,,
BOLD:ACF8288,31,,,
BOLD:ACF8487,1,,,
BOLD:ACF8657,10,,,
BOLD:ACF8796,5,,,
BOLD:ACG2859,17,,,
BOLD:ACG2957,1,,,
BOLD:ACG3084,1,,,
BOLD:ACG3245,5,,,
BOLD:ACG3345,1,,,
BOLD:ACG3370,69,,,
BOLD:ACG3371,1,,,
BOLD:ACG3373,3,,,
BOLD:ACG3374,8,,,
BOLD:ACG3418,3,,,
BOLD:ACG3421,9,,,
BOLD:ACG3422,3,,,
BOLD:ACG3423,1,,,
BOLD:ACG3517,4,,,
BOLD:ACG3568,11,,,
BOLD:ACG3787,5,,,
BOLD:ACG3870,1,,,
BOLD:ACG3871,8,,,
BOLD:ACG3919,1,,,
BOLD:ACG3998,2,,,
BOLD:ACG4247,5,,,
BOLD:ACG4248,2,,,
BOLD:ACG4356,2,,,
BOLD:ACG4416,1,,,
BOLD:ACG4539,26,,,
BOLD:ACG4540,2,,,
BOLD:ACG5035,4,,,
BOLD:ACG5044,4,,,
BOLD:ACG5056,2,,,
BOLD:ACG5126,1,,,
BOLD:ACG5203,10,,,
BOLD:ACG5205,18,,,
BOLD:ACG5255,1,,,
BOLD:ACG5362,21,,,
BOLD:ACG5363,1,,,
BOLD:ACG5375,27,,,
BOLD:ACG5376,13,,,
BOLD:ACG5440,5,,,
BOLD:ACG5511,2,,,
BOLD:ACG6844,2,,,
BOLD:ACG8189,2,,,
BOLD:ACG8190,1,,,
BOLD:ACG8220,1,,,
BOLD:ACG8400,7,,,
BOLD:ACJ1259,1,,,
BOLD:ACJ1280,4,,,
BOLD:ACJ1284,1,,,
BOLD:ACJ1335,1,,,
BOLD:ACJ1403,8,,,
BOLD:ACJ1489,47,,,
BOLD:ACJ1653,26,,,
BOLD:ACJ2167,35,,,
BOLD:ACJ2178,4,,,
BOLD:ACJ2201,3,,,
BOLD:ACJ2236,8,,,
BOLD:ACJ2269,2,,,
BOLD:ACJ2270,1,,,
BOLD:ACJ2315,3,,,
BOLD:ACJ2416,1,,,
BOLD:ACJ2417,130,,,
BOLD:ACJ2495,5,,,
BOLD:ACJ2550,2,,,
BOLD:ACJ2551,1,,,
BOLD:ACJ2744,2,,,
BOLD:ACJ2804,1,,,
BOLD:ACJ2944,6,,,
BOLD:ACJ4087,1,,,
BOLD:ACJ4478,5,,,
BOLD:ACJ4533,1,,,
BOLD:ACJ4534,1,,,
BOLD:ACJ4536,89,,,
BOLD:ACJ5020,1,,,
BOLD:ACJ6625,1,,,
BOLD:ACJ6874,1,,,
BOLD:ACJ6951,2,,,
BOLD:ACJ7037,10,,,
BOLD:ACJ7810,5,,,
BOLD:ACJ7822,2,,,
BOLD:ACJ8069,2,,,
BOLD:ACJ8670,4,,,
BOLD:ACJ8785,15,,,
BOLD:ACJ9213,2,,,
BOLD:ACK2043,10,,,
BOLD:ACK2066,29,,,
BOLD:ACK2497,2,,,
BOLD:ACK2541,97,,,
BOLD:ACK2620,2,,,
BOLD:ACK2671,2,,,
BOLD:ACK2688,20,,,
BOLD:ACK2796,8,,,
BOLD:ACK2841,9,,,
BOLD:ACK2863,1,,,
BOLD:ACK3085,4,,,
BOLD:ACK3193,2,,,
BOLD:ACK3660,1,,,
BOLD:ACK4767,4,,,
BOLD:ACK4923,7,,,
BOLD:ACK5227,3,,,
BOLD:ACK6019,3,,,
BOLD:ACK6115,2,,,
BOLD:ACK7086,2,,,
BOLD:ACK7403,1,,,
BOLD:ACK7796,1,,,
BOLD:ACK7801,1,,,
BOLD:ACK7939,4,,,
BOLD:ACL0293,29,,,
BOLD:ACL0390,2,,,
BOLD:ACL0795,3,,,
BOLD:ACL0807,6,,,
BOLD:ACL0916,27,,,
BOLD:ACL1181,2,,,
BOLD:ACL1263,3,,,
BOLD:ACL1398,5,,,
BOLD:ACL1561,10,,,
BOLD:ACL3080,1,,,
BOLD:ACL3112,2,,,
BOLD:ACL3172,2,,,
BOLD:ACL3198,3,,,
BOLD:ACL3199,6,,,
BOLD:ACL3545,9,,,
BOLD:ACL3803,1,,,
BOLD:ACL3816,8,,,
BOLD:ACL3857,6,,,
BOLD:ACL3879,7,,,
BOLD:ACL3899,13,,,
BOLD:ACL4121,55,,,
BOLD:ACL4129,2,,,
BOLD:ACL4340,2,,,
BOLD:ACL4468,33,,,
BOLD:ACL4489,8,,,
BOLD:ACL4583,5,,,
BOLD:ACL4646,6,,,
BOLD:ACL4747,15,,,
BOLD:ACL4839,19,,,
BOLD:ACL5125,7,,,
BOLD:ACL5343,2,,,
BOLD:ACL5349,3,,,
BOLD:ACL5572,23,,,
BOLD:ACL5703,27,,,
BOLD:ACL5720,4,,,
BOLD:ACL9201,11,,,
BOLD:ACL9343,1,,,
BOLD:ACL9696,2,,,
BOLD:ACM2491,1,,,
BOLD:ACM8436,2,,,
BOLD:ACM9154,1,,,
BOLD:ACO0288,6,,,
BOLD:ACO7975,1,,,
BOLD:ACO8087,2,,,
BOLD:ACP6342,2,,,
BOLD:ACQ4253,3,,,
BOLD:ACR4677,12,,,
BOLD:ACR4683,1,,,
BOLD:ACR4723,1,,,
BOLD:ACR4725,7,,,
BOLD:ACR4770,2,,,
BOLD:ACR4804,1,,,
BOLD:ACR4858,6,,,
BOLD:ACR4922,1,,,
BOLD:ACR4995,1,,,
BOLD:ACR5126,1,,,
BOLD:ACR5133,2,,,
BOLD:ACR5252,2,,,
BOLD:ACR5353,2,,,
BOLD:ACR5500,1,,,
BOLD:ACR5513,4,,,
BOLD:ACR5575,3,,,
BOLD:ACR5797,2,,,
BOLD:ACR6579,2,,,
BOLD:ACR6876,1,,,
BOLD:ACR7859,1,,,
BOLD:ACR7910,4,,,
BOLD:ACR7930,1,,,
BOLD:ACR7934,1,,,
BOLD:ACR7966,1,,,
BOLD:ACR7967,1,,,
BOLD:ACR8104,1,,,
BOLD:ACR8158,62,,,
BOLD:ACR8256,3,,,
BOLD:ACR8271,8,,,
BOLD:ACR8338,4,,,
BOLD:ACR8387,1,,,
BOLD:ACR8512,20,,,
BOLD:ACR8605,1,,,
BOLD:ACR8607,1,,,
BOLD:ACR8866,14,,,
BOLD:ACR9058,1,,,
BOLD:ACR9130,1,,,
BOLD:ACR9199,1,,,
BOLD:ACR9449,1,,,
BOLD:ACR9678,1,,,
BOLD:ACR9807,1,,,
BOLD:ACR9910,4,,,
BOLD:ACS0037,4,,,
BOLD:ACS0067,2,,,
BOLD:ACS0289,2,,,
BOLD:ACS0356,1,,,
BOLD:ACS0581,1,,,
BOLD:ACS0876,11,,,
BOLD:ACS0942,1,,,
BOLD:ACS1037,3,,,
BOLD:ACS1122,1,,,
BOLD:ACS9607,1,,,
BOLD:ACT1119,25,,,
BOLD:ACT1358,3,,,
BOLD:ACT2358,2,,,
BOLD:ACT2757,1,,,
BOLD:ACT3952,2,,,
BOLD:ACT4203,179,,,
BOLD:ACT4777,7,,,
BOLD:ACT7413,6,,,
BOLD:ACT7418,1,,,
BOLD:ACT8046,2,,,
BOLD:ACU0511,3,,,
BOLD:ACU2758,1,,,
BOLD:ACU2791,1,,,
BOLD:ACU2844,2,,,
BOLD:ACU3475,1,,,
BOLD:ACU3782,1,,,
BOLD:ACU3883,1,,,
BOLD:ACU4816,3,,,
BOLD:ACU7439,2,,,
BOLD:ACV2253,2,,,
BOLD:ACV3805,1,,,
BOLD:ACV4289,1,,,
BOLD:ACV6376,3,,,
BOLD:ACV6461,4,,,
BOLD:ACV8898,1,,,
BOLD:ACV9550,3,,,
BOLD:ACW3155,2,,,
BOLD:ACW3181,2,,,
BOLD:ACW3229,4,,,
BOLD:ACW3440,2,,,
BOLD:ACW3880,2,,,
BOLD:ACW3997,1,,,
BOLD:ACW4322,3,,,
BOLD:ACW4589,1,,,
BOLD:ACW4804,1,,,
BOLD:ACW5686,1,,,
BOLD:ACW6205,12,,,
BOLD:ACW6252,1,,,
BOLD:ACW6414,3,,,
BOLD:ACW6597,1,,,
BOLD:ACW6759,1,,,
BOLD:ACW7231,7,,,
BOLD:ACW8087,2,,,
BOLD:ACX5348,1,,,
BOLD:ACX7743,1,,,
BOLD:ACX7761,7,,,
BOLD:ACX8908,1,,,
BOLD:ACX9017,2,,,
BOLD:ACX9208,3,,,
BOLD:ACX9239,1,,,
BOLD:ACX9798,2,,,
BOLD:ACX9799,1,,,
BOLD:ACX9953,6,,,
BOLD:ACY0106,1,,,
BOLD:ACY0623,2,,,
BOLD:ACY1078,1,,,
BOLD:ACY1996,10,,,
BOLD:ACY2253,1,,,
BOLD:ACY2805,4,,,
BOLD:ACY3124,1,,,
BOLD:ACY4315,7,,,
BOLD:ACY4770,1,,,
BOLD:ACY8603,1,,,
BOLD:ACZ4825,4,,,
BOLD:ACZ5944,6,,,
BOLD:ACZ7137,2,,,
BOLD:ACZ7643,1,,,
BOLD:ACZ7797,1,,,
BOLD:ACZ8079,1,,,
BOLD:ACZ8487,1,,,
BOLD:ACZ8757,4,,,
BOLD:ACZ9146,1,,,
BOLD:ACZ9618,2,,,
BOLD:ACZ9844,1,,,
BOLD:ACZ9980,1,,,
BOLD:ADA0151,2,,,
BOLD:ADA0356,1,,,
BOLD:ADA0622,4,,,
BOLD:ADA0878,1,,,
BOLD:ADA0992,1,,,
BOLD:ADA1167,62,,,
BOLD:ADA1184,1,,,
BOLD:ADA1367,1,,,
BOLD:ADA1467,1,,,
BOLD:ADA1876,1,,,
BOLD:ADA1989,3,,,
BOLD:ADA1991,1,,,
BOLD:ADA2128,1,,,
BOLD:ADA2129,1,,,
BOLD:ADA2251,1,,,
BOLD:ADA2416,2,,,
BOLD:ADA2501,1,,,
BOLD:ADA2584,2,,,
BOLD:ADA2965,1,,,
BOLD:ADA3159,1,,,
BOLD:ADA3192,1,,,
BOLD:ADA3193,1,,,
BOLD:ADA3202,1,,,
BOLD:ADA3369,1,,,
BOLD:ADA3386,1,,,
BOLD:ADA3472,2,,,
BOLD:ADA3532,1,,,
BOLD:ADA3550,1,,,
BOLD:ADA3752,1,,,
BOLD:ADA3793,1,,,
BOLD:ADA3837,1,,,
BOLD:ADA3840,1,,,
BOLD:ADA4035,1,,,
BOLD:ADA4081,1,,,
BOLD:ADA4082,2,,,
BOLD:ADA4144,1,,,
BOLD:ADA4258,1,,,
BOLD:ADA4589,1,,,
BOLD:ADA4712,1,,,
BOLD:ADA4862,1,,,
BOLD:ADA5070,1,,,
BOLD:ADA5144,1,,,
BOLD:ADA5342,4,,,
BOLD:ADA5362,1,,,
BOLD:ADA5377,2,,,
BOLD:ADA5409,1,,,
BOLD:ADA5459,1,,,
BOLD:ADA5608,3,,,
BOLD:ADA5806,4,,,
BOLD:ADA6012,3,,,
BOLD:ADA6087,28,,,
BOLD:ADA6320,8,,,
BOLD:ADA6321,95,,,
BOLD:ADA6322,130,,,
BOLD:ADA6366,13,,,
BOLD:ADA6517,9,,,
BOLD:ADA6543,3,,,
BOLD:ADA7068,4,,,
BOLD:ADA7240,2,,,
BOLD:ADA7255,122,,,
BOLD:ADA7345,14,,,
BOLD:ADA7598,8,,,
BOLD:ADA7613,71,,,
BOLD:ADA7614,10,,,
BOLD:ADA7767,99,,,
BOLD:ADA7805,1,,,
BOLD:ADA7938,28,,,
BOLD:ADA8088,5,,,
BOLD:ADA8305,2,,,
BOLD:ADA8348,9,,,
BOLD:ADA8372,3,,,
BOLD:ADA8698,194,,,
BOLD:ADA8821,4,,,
BOLD:ADA8853,26,,,
BOLD:ADA8869,1,,,
BOLD:ADA9104,65,,,
BOLD:ADA9431,2,,,
BOLD:ADA9557,5,,,
BOLD:ADA9566,103,,,
BOLD:ADA9568,31,,,
BOLD:ADA9578,14,,,
BOLD:ADA9579,16,,,
BOLD:ADA9619,2,,,
BOLD:ADA9627,1,,,
BOLD:ADA9633,44,,,
BOLD:ADA9656,46,,,
BOLD:ADA9664,2,,,
BOLD:ADA9669,2,,,
BOLD:ADA9679,14,,,
BOLD:ADA9695,2,,,
BOLD:ADA9724,25,,,
BOLD:ADA9768,6,,,
BOLD:ADA9798,3,,,
BOLD:ADA9836,2,,,
BOLD:ADA9879,23,,,
BOLD:ADA9934,18,,,
BOLD:ADA9971,9,,,
BOLD:ADA9980,256,,,
BOLD:ADA9990,21,,,
BOLD:ADA9991,386,,,
BOLD:ADB0007,2,,,
BOLD:ADB0132,59,,,
BOLD:ADB0205,4,,,
BOLD:ADB0207,24,,,
BOLD:ADB0231,1,,,
BOLD:ADB0320,29,,,
BOLD:ADB0334,3,,,
BOLD:ADB0373,3,,,
BOLD:ADB0388,2,,,
BOLD:ADB0452,227,,,
BOLD:ADB0520,7,,,
BOLD:ADB0533,3,,,
BOLD:ADB0539,4,,,
BOLD:ADB0575,17,,,
BOLD:ADB0692,1,,,
BOLD:ADB0699,34,,,
BOLD:ADB0710,15,,,
BOLD:ADB0716,1,,,
BOLD:ADB0735,1,,,
BOLD:ADB0776,6,,,
BOLD:ADB0825,2,,,
BOLD:ADB0826,1,,,
BOLD:ADB0854,6,,,
BOLD:ADB0865,2,,,
BOLD:ADB0889,11,,,
BOLD:ADB0890,37,,,
BOLD:ADB0893,1,,,
BOLD:ADB0927,33,,,
BOLD:ADB0928,7,,,
BOLD:ADB0934,26,,,
BOLD:ADB0948,28,,,
BOLD:ADB0983,1,,,
BOLD:ADB1041,1,,,
BOLD:ADB1130,3,,,
BOLD:ADB1159,17,,,
BOLD:ADB1303,6,,,
BOLD:ADB1321,5,,,
BOLD:ADB1408,4,,,
BOLD:ADB1451,2,,,
BOLD:ADB1539,1,,,
BOLD:ADB1770,2,,,
BOLD:ADB1789,10,,,
BOLD:ADB1796,45,,,
BOLD:ADB1850,13,,,
BOLD:ADB1901,4,,,
BOLD:ADB1931,27,,,
BOLD:ADB1972,3,,,
BOLD:ADB2003,2,,,
BOLD:ADB2009,15,,,
BOLD:ADB2038,3,,,
BOLD:ADB2212,7,,,
BOLD:ADB2238,2,,,
BOLD:ADB2340,33,,,
BOLD:ADB2375,1,,,
BOLD:ADB2401,1,,,
BOLD:ADB2452,14,,,
BOLD:ADB2609,4,,,
BOLD:ADB2630,5,,,
BOLD:ADB2631,21,,,
BOLD:ADB2660,1,,,
BOLD:ADB2814,47,,,
BOLD:ADB2848,1,,,
BOLD:ADB2892,3,,,
BOLD:ADB2909,19,,,
BOLD:ADB2931,56,,,
BOLD:ADB2935,8,,,
BOLD:ADB2941,47,,,
BOLD:ADB2949,2,,,
BOLD:ADB2983,8,,,
BOLD:ADB3025,1,,,
BOLD:ADB3040,65,,,
BOLD:ADB3045,54,,,
BOLD:ADB3057,1,,,
BOLD:ADB3066,5,,,
BOLD:ADB3078,2,,,
BOLD:ADB3088,5,,,
BOLD:ADB3112,3,,,
BOLD:ADB3133,18,,,
BOLD:ADB3152,1,,,
BOLD:ADB3156,16,,,
BOLD:ADB3220,1,,,
BOLD:ADB3223,1,,,
BOLD:ADB3233,1,,,
BOLD:ADB3278,8,,,
BOLD:ADB3326,1,,,
BOLD:ADB3334,24,,,
BOLD:ADB3343,2,,,
BOLD:ADB3400,4,,,
BOLD:ADB3401,1,,,
BOLD:ADB3420,3,,,
BOLD:ADB3421,1,,,
BOLD:ADB3441,4,,,
BOLD:ADB3442,6,,,
BOLD:ADB3488,2,,,
BOLD:ADB3514,13,,,
BOLD:ADB3560,2,,,
BOLD:ADB3652,13,,,
BOLD:ADB3856,1,,,
BOLD:ADB3868,153,,,
BOLD:ADB3947,1,,,
BOLD:ADB3971,8,,,
BOLD:ADB4135,2,,,
BOLD:ADB4191,3,,,
BOLD:ADB4234,1,,,
BOLD:ADB4260,4,,,
BOLD:ADB4300,1,,,
BOLD:ADB4437,1,,,
BOLD:ADB4456,13,,,
BOLD:ADB4497,2,,,
BOLD:ADB4588,2,,,
BOLD:ADB4596,1,,,
BOLD:ADB4617,38,,,
BOLD:ADB4699,1,,,
BOLD:ADB4713,2,,,
BOLD:ADB4730,1,,,
BOLD:ADB4807,2,,,
BOLD:ADB4848,1,,,
BOLD:ADB4902,8,,,
BOLD:ADB4919,13,,,
BOLD:ADB5057,5,,,
BOLD:ADB5058,2,,,
BOLD:ADB5068,2,,,
BOLD:ADB5249,51,,,
BOLD:ADB5287,3,,,
BOLD:ADB5334,28,,,
BOLD:ADB5564,6,,,
BOLD:ADB5700,1,,,
BOLD:ADB5866,32,,,
BOLD:ADB5892,2,,,
BOLD:ADB5898,6,,,
BOLD:ADB6001,26,,,
BOLD:ADB6029,1,,,
BOLD:ADB6156,14,,,
BOLD:ADB6218,1,,,
BOLD:ADB6239,6,,,
BOLD:ADB6495,5,,,
BOLD:ADB6582,11,,,
BOLD:ADB6739,12,,,
BOLD:ADB6857,7,,,
BOLD:ADB6908,2,,,
BOLD:ADB6987,6,,,
BOLD:ADB7031,1,,,
BOLD:ADB7113,4,,,
BOLD:ADB7235,5,,,
BOLD:ADB7384,4,,,
BOLD:ADB7554,1,,,
BOLD:ADB7695,37,,,
BOLD:ADB7726,4,,,
BOLD:ADB7758,2,,,
BOLD:ADB7824,6,,,
BOLD:ADB7847,34,,,
BOLD:ADB7955,19,,,
BOLD:ADB8097,10,,,
BOLD:ADB8151,29,,,
BOLD:ADB8249,19,,,
BOLD:ADB8383,3,,,
BOLD:ADB8494,9,,,
BOLD:ADB8525,9,,,
BOLD:ADB8530,5,,,
BOLD:ADB8699,81,,,
BOLD:ADB8723,1,,,
BOLD:ADB8931,1,,,
BOLD:ADB9142,28,,,
BOLD:ADB9169,43,,,
BOLD:ADB9278,27,,,
BOLD:ADB9297,1,,,
BOLD:ADB9401,2,,,
BOLD:ADB9439,4,,,
BOLD:ADB9442,1,,,
BOLD:ADB9573,6,,,
BOLD:ADB9574,1,,,
BOLD:ADB9647,8,,,
BOLD:ADB9668,2,,,
BOLD:ADB9726,11,,,
BOLD:ADB9728,2,,,
BOLD:ADB9763,3,,,
BOLD:ADB9850,7,,,
BOLD:ADB9922,7,,,
BOLD:ADB9923,7,,,
BOLD:ADC0083,5,,,
BOLD:ADC0195,12,,,
BOLD:ADC0235,1,,,
BOLD:ADC1662,34,,,
BOLD:ADC2001,1,,,
BOLD:ADC5830,1,,,
BOLD:ADC5880,13,,,
BOLD:ADC6077,1,,,
BOLD:ADC6444,1,,,
BOLD:ADC6602,3,,,
BOLD:ADC6880,2,,,
BOLD:ADC6890,9,,,
BOLD:ADC7052,1,,,
BOLD:ADC7084,12,,,
BOLD:ADC7424,24,,,
BOLD:ADC7817,6,,,
BOLD:ADC8114,35,,,
BOLD:ADC8245,4,,,
BOLD:ADC9346,1,,,
BOLD:ADC9731,1,,,
BOLD:ADD0043,2,,,
BOLD:ADD0100,1,,,
BOLD:ADD0170,2,,,
BOLD:ADD0188,1,,,
BOLD:ADD0305,2,,,
BOLD:ADD0319,1,,,
BOLD:ADD4193,12,,,
BOLD:ADD4610,27,,,
BOLD:ADD4641,2,,,
BOLD:ADD4643,1,,,
BOLD:ADD4644,8,,,
BOLD:ADD5784,2,,,
BOLD:ADD6205,8,,,
BOLD:ADD6766,3,,,
BOLD:ADD7196,1,,,
BOLD:ADF2876,1,,,
BOLD:ADF3478,1,,,
BOLD:ADF3512,1,,,
BOLD:ADF3603,3,,,
BOLD:ADF3761,21,,,
BOLD:ADF3853,2,,,
BOLD:ADF3901,2,,,
BOLD:ADF4639,4,,,
BOLD:ADF4690,6,,,
BOLD:ADF4835,49,,,
BOLD:ADF4945,1,,,
BOLD:ADF5149,3,,,
BOLD:ADF5286,2,,,
BOLD:ADF5376,7,,,
BOLD:ADF5387,8,,,
BOLD:ADF5412,18,,,
BOLD:ADF5416,2,,,
BOLD:ADF5802,1,,,
BOLD:ADF6077,1,,,
BOLD:ADF6163,2,,,
BOLD:ADF6374,2,,,
BOLD:ADF6417,5,,,
BOLD:ADF6421,1,,,
BOLD:ADF6530,1,,,
BOLD:ADF6545,1,,,
BOLD:ADF6611,2,,,
BOLD:ADF6664,3,,,
BOLD:ADF6665,1,,,
BOLD:ADF6719,2,,,
BOLD:ADF6889,1,,,
BOLD:ADF6922,2,,,
BOLD:ADF7074,2,,,
BOLD:ADF7227,6,,,
BOLD:ADF7244,6,,,
BOLD:ADF7277,1,,,
BOLD:ADF7278,1,,,
BOLD:ADF7297,1,,,
BOLD:ADF7393,15,,,
BOLD:ADF7542,1,,,
BOLD:ADF7659,1,,,
BOLD:ADF7695,8,,,
BOLD:ADF7698,1,,,
BOLD:ADF7700,9,,,
BOLD:ADF7784,3,,,
BOLD:ADF7885,2,,,
BOLD:ADF8213,1,,,
BOLD:ADF8972,10,,,
BOLD:ADG0772,1,,,
BOLD:ADG1601,7,,,
BOLD:ADG7956,1,,,
BOLD:ADG8044,1,,,
BOLD:ADG8634,2,,,
BOLD:ADH0668,1,,,
BOLD:ADH1601,1,,,
BOLD:ADH2359,3,,,
BOLD:ADH3815,7,,,
BOLD:ADH3879,1,,,
BOLD:ADH3907,1,,,
BOLD:ADH4060,2,,,
BOLD:ADH4495,1,,,
BOLD:ADH4527,1,,,
BOLD:ADH4591,1,,,
BOLD:ADH4770,2,,,
BOLD:ADH4796,2,,,
BOLD:ADH4980,6,,,
BOLD:ADH4995,4,,,
BOLD:ADH4996,1,,,
BOLD:ADH5164,12,,,
BOLD:ADH5166,2,,,
BOLD:ADH5269,6,,,
BOLD:ADH5271,4,,,
BOLD:ADH5534,1,,,
BOLD:ADH5594,7,,,
BOLD:ADH5836,1,,,
BOLD:ADH5864,2,,,
BOLD:ADH6250,1,,,
BOLD:ADH6264,5,,,
BOLD:ADH6532,1,,,
BOLD:ADH6552,19,,,
BOLD:ADH6708,3,,,
BOLD:ADH6709,5,,,
BOLD:ADH6770,1,,,
BOLD:ADH6869,2,,,
BOLD:ADH6911,2,,,
BOLD:ADH6970,6,,,
BOLD:ADH6999,1,,,
BOLD:ADH7120,5,,,
BOLD:ADJ0327,7,,,
BOLD:ADJ4657,1,,,
BOLD:ADJ5301,1,,,
BOLD:ADJ6568,19,,,
BOLD:ADK0331,1,,,
BOLD:ADK5690,7,,,
BOLD:ADK5796,1,,,
BOLD:ADK6909,8,,,
BOLD:ADK7475,1,,,
BOLD:ADK8391,5,,,
BOLD:ADK8698,1,,,
BOLD:ADK8995,1,,,
BOLD:ADK9674,1,,,
BOLD:ADK9745,3,,,
BOLD:ADK9824,3,,,
BOLD:ADL5861,1,,,
BOLD:ADL6445,10,,,
BOLD:ADL6479,5,,,
BOLD:ADL7258,1,,,
BOLD:ADL7703,2,,,
BOLD:ADL8270,1,,,
BOLD:ADM0365,7,,,
BOLD:ADM1851,1,,,
BOLD:ADN2542,1,,,
BOLD:ADS6687,1,,,
BOLD:ADS9885,1,,,
BOLD:ADT2663,1,,,
BOLD:ADU9970,1,,,
BOLD:ADV9625,1,,,
BOLD:ADW0800,11,,,
BOLD:ADW2014,3,,,
BOLD:ADW2365,1,,,
BOLD:ADW2790,22,,,
BOLD:ADW2886,9,,,
BOLD:ADW3895,10,,,
BOLD:ADW4261,2,,,
BOLD:ADW4450,1,,,
BOLD:ADW6210,5,,,
BOLD:ADW6358,1,,,
BOLD:ADW6721,1,,,
BOLD:ADW7186,2,,,
BOLD:ADW7655,5,,,
BOLD:ADW8233,2,,,
BOLD:ADW8464,1,,,
BOLD:ADW8761,1,,,
BOLD:ADW9194,1,,,
BOLD:ADX0598,5,,,
BOLD:ADX1411,1,,,
BOLD:ADX1594,7,,,
BOLD:ADX1595,5,,,
BOLD:ADX1598,3,,,
BOLD:ADX1796,15,,,
BOLD:ADX2338,3,,,
BOLD:ADX2378,1,,,
BOLD:ADX2731,5,,,
BOLD:ADX3073,2,,,
BOLD:ADX3430,2,,,
BOLD:ADX3536,2,,,
BOLD:ADX4751,4,,,
BOLD:ADX4818,9,,,
BOLD:ADX5321,1,,,
BOLD:ADX5955,273,,,
BOLD:ADX6878,16,,,
BOLD:ADX7059,3,,,
BOLD:ADX7463,3,,,
BOLD:ADX8196,3,,,
BOLD:ADX9040,1,,,
BOLD:ADX9116,1,,,
BOLD:ADX9295,9,,,
BOLD:ADX9744,9,,,
BOLD:ADY0101,1,,,
BOLD:ADY0104,3,,,
BOLD:ADY0287,6,,,
BOLD:ADY0766,1,,,
BOLD:ADY0841,1,,,
BOLD:ADY1107,3,,,
BOLD:ADY1286,2,,,
BOLD:ADY1593,2,,,
BOLD:ADY2143,2,,,
BOLD:ADY2296,1,,,
BOLD:ADY2361,2,,,
BOLD:ADY2397,2,,,
BOLD:ADY2538,21,,,
BOLD:ADY2698,7,,,
BOLD:ADY2943,1,,,
BOLD:ADY3364,1,,,
BOLD:ADY3920,6,,,
BOLD:ADY3927,8,,,
BOLD:ADY4027,41,,,
BOLD:ADY4340,2,,,
BOLD:ADY4533,1,,,
BOLD:ADY5322,2,,,
BOLD:ADY5482,5,,,
BOLD:ADY5678,1,,,
BOLD:ADY5893,3,,,
BOLD:ADY5926,17,,,
BOLD:ADY6062,4,,,
BOLD:ADY7209,2,,,
BOLD:ADY8137,1,,,
BOLD:ADY8557,1,,,
BOLD:ADY8622,6,,,
BOLD:ADY9751,1,,,
BOLD:ADZ5761,35,,,
BOLD:ADZ8363,2,,,
BOLD:ADZ8420,5,,,
BOLD:ADZ8485,1,,,
BOLD:ADZ8490,3,,,
BOLD:ADZ8492,5,,,
BOLD:ADZ8857,4,,,
BOLD:ADZ9206,1,,,
BOLD:ADZ9215,2,,,
BOLD:ADZ9218,1,,,
BOLD:ADZ9278,2,,,
BOLD:ADZ9342,1,,,
BOLD:ADZ9385,2,,,
BOLD:ADZ9590,2,,,
BOLD:ADZ9689,1,,,
BOLD:ADZ9800,1,,,
BOLD:ADZ9809,2,,,
BOLD:AEA0295,7,,,
BOLD:AEA0333,2,,,
BOLD:AEA0545,11,,,
BOLD:AEA0626,25,,,
BOLD:AEA0737,31,,,
BOLD:AEA0745,2,,,
BOLD:AEA0779,1,,,
BOLD:AEA0805,1,,,
BOLD:AEA1192,6,,,
BOLD:AEA1381,6,,,
BOLD:AEA1504,1,,,
BOLD:AEA1543,1,,,
BOLD:AEA1639,1,,,
BOLD:AEA1748,11,,,
BOLD:AEA1778,1,,,
BOLD:AEA2049,38,,,
BOLD:AEA2133,1,,,
BOLD:AEA2242,12,,,
BOLD:AEA2319,2,,,
BOLD:AEA2547,1,,,
BOLD:AEA2623,1,,,
BOLD:AEA2775,1,,,
BOLD:AEA2870,5,,,
BOLD:AEA3007,2,,,
BOLD:AEA3040,17,,,
BOLD:AEA3423,1,,,
BOLD:AEA3509,8,,,
BOLD:AEA3521,1,,,
BOLD:AEA4202,2,,,
BOLD:AEA4215,6,,,
BOLD:AEA4359,2,,,
BOLD:AEA4604,16,,,
BOLD:AEA4733,1,,,
BOLD:AEA4913,1,,,
BOLD:AEA4920,2,,,
BOLD:AEA5276,1,,,
BOLD:AEA5301,6,,,
BOLD:AEA5439,9,,,
BOLD:AEA5829,4,,,
BOLD:AEA5882,2,,,
BOLD:AEA6054,1,,,
BOLD:AEA6537,8,,,
BOLD:AEA6762,2,,,
BOLD:AEA6798,1,,,
BOLD:AEA6841,2,,,
BOLD:AEA7037,22,,,
BOLD:AEA7538,1,,,
BOLD:AEA7610,2,,,
BOLD:AEA7858,2,,,
BOLD:AEA7875,1,,,
BOLD:AEA7940,5,,,
BOLD:AEA8651,6,,,
BOLD:AEA8910,8,,,
BOLD:AEA9104,1,,,
BOLD:AEA9111,1,,,
BOLD:AEA9177,2,,,
BOLD:AEA9841,3,,,
BOLD:AEA9872,1,,,
BOLD:AEA9992,3,,,
BOLD:AEB0026,1,,,
BOLD:AEB1109,4,,,
BOLD:AEB1291,23,,,
BOLD:AEB1477,8,,,
BOLD:AEB2086,2,,,
BOLD:AEB2240,1,,,
BOLD:AEB2802,7,,,
BOLD:AEB2803,4,,,
BOLD:AEB2814,1,,,
BOLD:AEB2986,6,,,
BOLD:AEB3117,11,,,
BOLD:AEB3869,25,,,
BOLD:AEB4297,5,,,
BOLD:AEB4713,12,,,
BOLD:AEB4817,1,,,
BOLD:AEB6061,2,,,
BOLD:AEB6224,1,,,
BOLD:AEB6245,2,,,
BOLD:AEB6289,6,,,
BOLD:AEB6448,1,,,
BOLD:AEB6591,2,,,
BOLD:AEB7211,1,,,
BOLD:AEB7421,4,,,
BOLD:AEB7429,12,,,
BOLD:AEB7438,6,,,
BOLD:AEB7445,16,,,
BOLD:AEB7509,1,,,
BOLD:AEB7596,22,,,
BOLD:AEB7816,1,,,
BOLD:AEB8114,1,,,
BOLD:AEB8125,1,,,
BOLD:AEB8424,3,,,
BOLD:AEB8464,5,,,
BOLD:AEB8647,1,,,
BOLD:AEB8654,1,,,
BOLD:AEB8770,1,,,
BOLD:AEB8896,1,,,
BOLD:AEB9055,1,,,
BOLD:AEB9062,1,,,
BOLD:AEB9458,3,,,
BOLD:AEB9502,2,,,
BOLD:AEB9787,2,,,
BOLD:AEB9788,1,,,
BOLD:AEB9938,17,,,
BOLD:AEC0029,2,,,
BOLD:AEC0348,3,,,
BOLD:AEC0372,3,,,
BOLD:AEC0498,1,,,
BOLD:AEC0603,3,,,
BOLD:AEC0607,1,,,
BOLD:AEC0753,1,,,
BOLD:AEC0871,11,,,
BOLD:AEC0953,1,,,
BOLD:AEC1016,1,,,
BOLD:AEC1030,1,,,
BOLD:AEC1042,3,,,
BOLD:AEC1231,5,,,
BOLD:AEC1555,1,,,
BOLD:AEC1831,1,,,
BOLD:AEC1872,1,,,
BOLD:AEC1912,5,,,
BOLD:AEC1934,1,,,
BOLD:AEC1935,1,,,
BOLD:AEC1936,3,,,
BOLD:AEC2333,1,,,
BOLD:AEC2522,1,,,
BOLD:AEC2614,3,,,
BOLD:AEC2708,8,,,
BOLD:AEC2709,1,,,
BOLD:AEC2773,1,,,
BOLD:AEC2957,1,,,
BOLD:AEC2972,1,,,
BOLD:AEC3088,1,,,
BOLD:AEC3108,1,,,
BOLD:AEC3190,1,,,
BOLD:AEC3264,1,,,
BOLD:AEC3399,2,,,
BOLD:AEC3464,2,,,
BOLD:AEC3547,7,,,
BOLD:AEC3651,1,,,
BOLD:AEC3687,1,,,
BOLD:AEC3758,1,,,
BOLD:AEC3812,4,,,
BOLD:AEC3839,2,,,
BOLD:AEC3857,1,,,
BOLD:AEC3875,2,,,
BOLD:AEC3917,1,,,
BOLD:AEC4155,1,,,
BOLD:AEC4307,1,,,
BOLD:AEC4384,3,,,
BOLD:AEC4404,1,,,
BOLD:AEC4463,2,,,
BOLD:AEC4531,3,,,
BOLD:AEC4596,1,,,
BOLD:AEC5126,1,,,
BOLD:AEC5246,1,,,
BOLD:AEC5390,4,,,
BOLD:AEC5650,6,,,
BOLD:AEC5698,8,,,
BOLD:AEC6001,1,,,
BOLD:AEC6024,12,,,
BOLD:AEC6132,1,,,
BOLD:AEC6318,2,,,
BOLD:AEC6369,2,,,
BOLD:AEC6577,1,,,
BOLD:AEC6599,1,,,
BOLD:AEC6717,1,,,
BOLD:AEC6781,1,,,
BOLD:AEC6802,1,,,
BOLD:AEC6850,4,,,
BOLD:AEC7011,9,,,
BOLD:AEC7031,1,,,
BOLD:AEC7051,1,,,
BOLD:AEC7188,3,,,
BOLD:AEC7374,1,,,
BOLD:AEC7383,7,,,
BOLD:AEC7404,3,,,
BOLD:AEC7536,13,,,
BOLD:AEC7595,2,,,
BOLD:AEC7746,1,,,
BOLD:AEC7849,1,,,
BOLD:AEC7903,2,,,
BOLD:AEC7947,1,,,
BOLD:AEC8051,2,,,
BOLD:AEC8118,1,,,
BOLD:AEC8143,1,,,
BOLD:AEC8222,1,,,
BOLD:AEC8249,2,,,
BOLD:AEC8284,1,,,
BOLD:AEC8352,1,,,
BOLD:AEC8367,1,,,
BOLD:AEC8412,1,,,
BOLD:AEC8485,5,,,
BOLD:AEC8503,1,,,
BOLD:AEC8548,4,,,
BOLD:AEC8640,1,,,
BOLD:AEC8687,1,,,
BOLD:AEC8690,1,,,
BOLD:AEC8779,2,,,
BOLD:AEC8786,3,,,
BOLD:AEC8911,1,,,
BOLD:AEC9029,3,,,
BOLD:AEC9168,3,,,
BOLD:AEC9208,7,,,
BOLD:AEC9209,1,,,
BOLD:AEC9275,1,,,
BOLD:AEC9318,1,,,
BOLD:AEC9348,2,,,
BOLD:AEC9358,5,,,
BOLD:AEC9440,1,,,
BOLD:AEC9455,1,,,
BOLD:AEC9488,8,,,
BOLD:AEC9496,3,,,
BOLD:AEC9670,1,,,
BOLD:AEC9780,1,,,
BOLD:AEC9816,1,,,
BOLD:AEC9834,1,,,
BOLD:AEC9877,1,,,
BOLD:AEC9878,3,,,
BOLD:AEC9885,9,,,
BOLD:AEC9936,2,,,
BOLD:AEC9977,3,,,
BOLD:AED0027,11,,,
BOLD:AED0049,1,,,
BOLD:AED0144,4,,,
BOLD:AED0177,1,,,
BOLD:AED0199,2,,,
BOLD:AED0267,1,,,
BOLD:AED0291,5,,,
BOLD:AED0361,4,,,
BOLD:AED0519,1,,,
BOLD:AED0610,3,,,
BOLD:AED0618,2,,,
BOLD:AED0827,2,,,
BOLD:AED0858,2,,,
BOLD:AED0941,2,,,
BOLD:AED0963,1,,,
BOLD:AED0970,3,,,
BOLD:AED1318,1,,,
BOLD:AED1414,2,,,
BOLD:AED1465,2,,,
BOLD:AED1863,3,,,
BOLD:AED2115,1,,,
BOLD:AED2446,30,,,
BOLD:AED2726,3,,,
BOLD:AED2871,1,,,
BOLD:AED3106,4,,,
BOLD:AED3211,5,,,
BOLD:AED3299,4,,,
BOLD:AED3576,6,,,
BOLD:AED4087,1,,,
BOLD:AED4088,1,,,
BOLD:AED4205,2,,,
BOLD:AED4370,1,,,
BOLD:AED4532,1,,,
BOLD:AED4606,1,,,
BOLD:AED4607,1,,,
BOLD:AED4737,1,,,
BOLD:AED5241,1,,,
BOLD:AED5458,5,,,
BOLD:AED6227,2,,,
BOLD:AED6237,3,,,
BOLD:AED6306,1,,,
BOLD:AED6422,1,,,
BOLD:AED6507,1,,,
BOLD:AED6587,1,,,
BOLD:AED6674,1,,,
BOLD:AED6684,1,,,
BOLD:AED7502,1,,,
BOLD:AED7775,1,,,
BOLD:AED7802,1,,,
BOLD:AED8374,1,,,
BOLD:AED8375,1,,,
BOLD:AED8805,1,,,
BOLD:AED8875,2,,,
BOLD:AED9352,1,,,
BOLD:AED9551,7,,,
BOLD:AED9952,21,,,
BOLD:AEE0125,1,,,
BOLD:AEE0377,11,,,
BOLD:AEE0389,12,,,
BOLD:AEE0522,1,,,
BOLD:AEE0609,2,,,
BOLD:AEE0648,2,,,
BOLD:AEE0693,1,,,
BOLD:AEE0714,2,,,
BOLD:AEE0843,9,,,
BOLD:AEE0925,1,,,
BOLD:AEE1162,6,,,
BOLD:AEE1284,2,,,
BOLD:AEE1301,5,,,
BOLD:AEE1337,1,,,
BOLD:AEE1351,1,,,
BOLD:AEE1382,3,,,
BOLD:AEE1474,17,,,
BOLD:AEE1514,1,,,
BOLD:AEE1575,1,,,
BOLD:AEE1584,4,,,
BOLD:AEE1594,1,,,
BOLD:AEE1756,2,,,
BOLD:AEE1775,2,,,
BOLD:AEE1777,4,,,
BOLD:AEE1833,3,,,
BOLD:AEE2066,1,,,
BOLD:AEE2189,2,,,
BOLD:AEE2277,3,,,
BOLD:AEE2398,1,,,
BOLD:AEE2400,1,,,
BOLD:AEE2664,3,,,
BOLD:AEE2752,1,,,
BOLD:AEE2903,1,,,
BOLD:AEE2973,1,,,
BOLD:AEE3074,2,,,
BOLD:AEE3265,3,,,
BOLD:AEE3328,9,,,
BOLD:AEE3451,4,,,
BOLD:AEE3458,5,,,
BOLD:AEE3498,17,,,
BOLD:AEE3590,4,,,
BOLD:AEE4080,1,,,
BOLD:AEE4090,10,,,
BOLD:AEE4209,1,,,
BOLD:AEE4487,1,,,
BOLD:AEE4492,1,,,
BOLD:AEE4578,2,,,
BOLD:AEE4666,1,,,
BOLD:AEE4777,1,,,
BOLD:AEE4778,1,,,
BOLD:AEE4932,1,,,
BOLD:AEE5121,1,,,
BOLD:AEE5150,2,,,
BOLD:AEE5151,1,,,
BOLD:AEE5294,2,,,
BOLD:AEE5761,1,,,
BOLD:AEE5876,1,,,
BOLD:AEE5877,1,,,
BOLD:AEE5960,1,,,
BOLD:AEE6024,1,,,
BOLD:AEE6026,5,,,
BOLD:AEE6138,5,,,
BOLD:AEE6274,42,,,
BOLD:AEE6459,7,,,
BOLD:AEE6670,1,,,
BOLD:AEE6736,1,,,
BOLD:AEE6795,4,,,
BOLD:AEE6848,1,,,
BOLD:AEE7027,8,,,
BOLD:AEE7110,1,,,
BOLD:AEE7165,2,,,
BOLD:AEE7200,2,,,
BOLD:AEE7448,2,,,
BOLD:AEE7449,3,,,
BOLD:AEE7530,1,,,
BOLD:AEE7619,4,,,
BOLD:AEE7657,1,,,
BOLD:AEE7739,1,,,
BOLD:AEE7816,4,,,
BOLD:AEE7907,5,,,
BOLD:AEE8404,2,,,
BOLD:AEE8413,2,,,
BOLD:AEE8538,1,,,
BOLD:AEE8620,2,,,
BOLD:AEE9304,1,,,
BOLD:AEE9346,1,,,
BOLD:AEE9473,1,,,
BOLD:AEE9601,1,,,
BOLD:AEE9680,2,,,
BOLD:AEE9725,1,,,
BOLD:AEE9774,1,,,
BOLD:AEE9810,1,,,
BOLD:AEE9855,1,,,
BOLD:AEE9918,1,,,
BOLD:AEF0134,2,,,
BOLD:AEF0223,1,,,
BOLD:AEF0378,5,,,
BOLD:AEF0382,7,,,
BOLD:AEF0383,2,,,
BOLD:AEF0455,2,,,
BOLD:AEF0460,1,,,
BOLD:AEF0470,1,,,
BOLD:AEF0484,1,,,
BOLD:AEF0560,1,,,
BOLD:AEF0601,1,,,
BOLD:AEF0630,1,,,
BOLD:AEF0663,1,,,
BOLD:AEF0693,1,,,
BOLD:AEF0771,2,,,
BOLD:AEF0784,1,,,
BOLD:AEF0891,1,,,
BOLD:AEF0940,1,,,
BOLD:AEF0941,1,,,
BOLD:AEF1095,1,,,
BOLD:AEF1117,1,,,
BOLD:AEF1202,2,,,
BOLD:AEF1223,3,,,
BOLD:AEF1263,2,,,
BOLD:AEF1401,1,,,
BOLD:AEF1457,1,,,
BOLD:AEF1519,2,,,
BOLD:AEF1620,1,,,
BOLD:AEF1680,1,,,
BOLD:AEF1684,1,,,
BOLD:AEF1714,1,,,
BOLD:AEF1754,2,,,
BOLD:AEF1809,2,,,
BOLD:AEF1814,1,,,
BOLD:AEF1879,1,,,
BOLD:AEF1931,1,,,
BOLD:AEF1994,2,,,
BOLD:AEF1998,1,,,
BOLD:AEF2001,1,,,
BOLD:AEF2002,1,,,
BOLD:AEF2028,3,,,
BOLD:AEF2029,1,,,
BOLD:AEF2155,1,,,
BOLD:AEF2160,1,,,
BOLD:AEF2167,1,,,
BOLD:AEF2211,1,,,
BOLD:AEF2212,1,,,
BOLD:AEF2239,3,,,
BOLD:AEF2307,1,,,
BOLD:AEF2510,1,,,
BOLD:AEF2640,1,,,
BOLD:AEF2806,2,,,
BOLD:AEF2864,1,,,
BOLD:AEF2954,3,,,
BOLD:AEF3029,1,,,
BOLD:AEF3092,4,,,
BOLD:AEF3133,1,,,
BOLD:AEF3185,2,,,
BOLD:AEF3230,1,,,
BOLD:AEF3231,1,,,
BOLD:AEF3369,2,,,
BOLD:AEF3442,5,,,
BOLD:AEF3458,1,,,
BOLD:AEF3476,2,,,
BOLD:AEF3491,1,,,
BOLD:AEF3633,1,,,
BOLD:AEF3704,1,,,
BOLD:AEF3706,2,,,
BOLD:AEF3726,1,,,
BOLD:AEF3748,1,,,
BOLD:AEF3782,3,,,
BOLD:AEF3794,1,,,
BOLD:AEF3820,2,,,
BOLD:AEF3915,1,,,
BOLD:AEF3931,2,,,
BOLD:AEF3961,1,,,
BOLD:AEF4045,3,,,
BOLD:AEF4097,1,,,
BOLD:AEF4140,1,,,
BOLD:AEF4150,1,,,
BOLD:AEF4247,5,,,
BOLD:AEF4303,2,,,
BOLD:AEF4323,3,,,
BOLD:AEF4342,2,,,
BOLD:AEF4360,2,,,
BOLD:AEF4394,1,,,
BOLD:AEF4443,2,,,
BOLD:AEF4485,1,,,
BOLD:AEF4545,4,,,
BOLD:AEF4648,1,,,
BOLD:AEF4688,1,,,
BOLD:AEF4700,5,,,
BOLD:AEF4727,1,,,
BOLD:AEF4738,2,,,
BOLD:AEF4741,1,,,
BOLD:AEF4751,1,,,
BOLD:AEF4783,1,,,
BOLD:AEF4794,3,,,
BOLD:AEF4842,5,,,
BOLD:AEF4862,4,,,
BOLD:AEF4890,3,,,
BOLD:AEF4988,5,,,
BOLD:AEF5025,1,,,
BOLD:AEF5029,1,,,
BOLD:AEF5060,1,,,
BOLD:AEF5070,2,,,
BOLD:AEF5151,3,,,
BOLD:AEF5250,2,,,
BOLD:AEF5269,1,,,
BOLD:AEF5385,17,,,
BOLD:AEF5404,2,,,
BOLD:AEF5702,2,,,
BOLD:AEF5727,2,,,
BOLD:AEF5772,1,,,
BOLD:AEF5820,1,,,
BOLD:AEF5851,1,,,
BOLD:AEF5917,1,,,
BOLD:AEF5981,2,,,
BOLD:AEF6530,1,,,
BOLD:AEF6531,1,,,
BOLD:AEF6606,1,,,
BOLD:AEF6720,2,,,
BOLD:AEF6766,1,,,
BOLD:AEF6769,1,,,
BOLD:AEF6891,1,,,
BOLD:AEF6946,1,,,
BOLD:AEF7075,2,,,
BOLD:AEF7082,1,,,
BOLD:AEF7101,1,,,
BOLD:AEF7159,1,,,
BOLD:AEF7160,1,,,
BOLD:AEF7162,1,,,
BOLD:AEF7198,1,,,
BOLD:AEF7307,2,,,
BOLD:AEF7318,1,,,
BOLD:AEF7363,1,,,
BOLD:AEF7379,1,,,
BOLD:AEF7380,1,,,
BOLD:AEF7738,3,,,
BOLD:AEF7767,1,,,
BOLD:AEF7919,1,,,
BOLD:AEF7981,2,,,
BOLD:AEF7986,5,,,
BOLD:AEF8000,1,,,
BOLD:AEF8032,1,,,
BOLD:AEF8049,1,,,
BOLD:AEF8062,8,,,
BOLD:AEF8181,3,,,
BOLD:AEF8207,1,,,
BOLD:AEF8213,1,,,
BOLD:AEF8249,1,,,
BOLD:AEF8319,3,,,
BOLD:AEF8417,4,,,
BOLD:AEF8556,1,,,
BOLD:AEF8559,1,,,
BOLD:AEF8688,1,,,
BOLD:AEF8793,1,,,
BOLD:AEF8794,1,,,
BOLD:AEF9043,1,,,
BOLD:AEF9094,1,,,
BOLD:AEF9193,1,,,
BOLD:AEF9321,1,,,
BOLD:AEF9478,2,,,
BOLD:AEF9632,1,,,
BOLD:AEF9702,1,,,
BOLD:AEF9838,1,,,
BOLD:AEF9852,1,,,
BOLD:AEG0110,1,,,
BOLD:AEG0182,1,,,
BOLD:AEG0552,1,,,
BOLD:AEG0558,2,,,
BOLD:AEG0698,2,,,
BOLD:AEG0805,2,,,
BOLD:AEG0872,1,,,
BOLD:AEG1856,2,,,
BOLD:AEG2596,1,,,
BOLD:AEG2876,3,,,
BOLD:AEG2897,1,,,
BOLD:AEG2950,2,,,
BOLD:AEG2951,4,,,
BOLD:AEG2999,1,,,
BOLD:AEG3336,5,,,
BOLD:AEG3510,1,,,
BOLD:AEG4124,1,,,
BOLD:AEG4154,3,,,
BOLD:AEG4347,1,,,
BOLD:AEG4362,2,,,
BOLD:AEG4506,1,,,
BOLD:AEG4729,1,,,
BOLD:AEG4903,1,,,
BOLD:AEG5283,4,,,
BOLD:AEG5443,1,,,
BOLD:AEG5474,1,,,
BOLD:AEG5485,1,,,
BOLD:AEG5671,1,,,
BOLD:AEG5692,1,,,
BOLD:AEG5785,1,,,
BOLD:AEG6123,3,,,
BOLD:AEG6187,3,,,
BOLD:AEG6188,1,,,
BOLD:AEG6236,1,,,
BOLD:AEG6871,4,,,
BOLD:AEG6974,1,,,
BOLD:AEG7193,1,,,
BOLD:AEG7385,1,,,
BOLD:AEG7443,2,,,
BOLD:AEG7488,1,,,
BOLD:AEG7769,2,,,
BOLD:AEG8152,4,,,
BOLD:AEG8308,1,,,
BOLD:AEG8404,1,,,
BOLD:AEG8435,1,,,
BOLD:AEG8436,1,,,
BOLD:AEG8787,1,,,
BOLD:AEG8913,6,,,
BOLD:AEG8965,1,,,
BOLD:AEG9101,2,,,
BOLD:AEG9145,2,,,
BOLD:AEG9648,1,,,
BOLD:AEH0002,1,,,
BOLD:AEH0080,1,,,
BOLD:AEH0183,1,,,
BOLD:AEH0346,1,,,
BOLD:AEH0558,1,,,
BOLD:AEH0677,1,,,
BOLD:AEH0678,1,,,
BOLD:AEH0694,1,,,
BOLD:AEH0707,1,,,
BOLD:AEH0910,1,,,
BOLD:AEH0911,1,,,
BOLD:AEH1083,1,,,
BOLD:AEH1090,1,,,
BOLD:AEH1219,1,,,
BOLD:AEH1237,1,,,
BOLD:AEH1426,1,,,
BOLD:AEH1470,1,,,
BOLD:AEH1471,1,,,
BOLD:AEH1628,1,,,
BOLD:AEH1686,1,,,
BOLD:AEH1703,2,,,
BOLD:AEH1924,1,,,
BOLD:AEH1937,1,,,
BOLD:AEH2057,3,,,
BOLD:AEH2080,2,,,
BOLD:AEH2202,1,,,
BOLD:AEH2239,1,,,
BOLD:AEH2355,1,,,
BOLD:AEH2494,1,,,
BOLD:AEH2543,1,,,
BOLD:AEH2668,1,,,
BOLD:AEH2689,4,,,
BOLD:AEH2690,1,,,
BOLD:AEH2928,1,,,
BOLD:AEH3022,4,,,
BOLD:AEH3068,1,,,
BOLD:AEH3202,1,,,
BOLD:AEH3305,2,,,
BOLD:AEH3399,1,,,
BOLD:AEH3484,1,,,
BOLD:AEH4038,1,,,
BOLD:AEH4058,1,,,
BOLD:AEH4253,1,,,
BOLD:AEH4302,1,,,
BOLD:AEH4932,1,,,
BOLD:AEH5147,1,,,
BOLD:AEH6293,1,,,
BOLD:AEH6296,1,,,
BOLD:AEH6833,1,,,
BOLD:AEH7033,1,,,
BOLD:AEH7221,1,,,
BOLD:AEH7460,5,,,
BOLD:AEH8295,4,,,
BOLD:AEH9006,1,,,
BOLD:AEH9093,1,,,
BOLD:AEI0220,3,,,
BOLD:AEI0221,1,,,
BOLD:AEI2174,4,,,
BOLD:AEI2453,1,,,
BOLD:AEI2706,1,,,
BOLD:AEI3557,1,,,
BOLD:AEI3645,1,,,
BOLD:AEI3740,1,,,
BOLD:AEI4394,1,,,
BOLD:AEI4499,1,,,
BOLD:AEI5007,2,,,
BOLD:AEI5394,1,,,
BOLD:AEI5398,1,,,
BOLD:AEI5794,4,,,
BOLD:AEI5999,1,,,
BOLD:AEI6194,1,,,
BOLD:AEI6269,1,,,
BOLD:AEI6913,1,,,
BOLD:AEI6938,1,,,
BOLD:AEI7005,2,,,
BOLD:AEI7671,1,,,
BOLD:AEI7674,1,,,
BOLD:AEI8198,1,,,
BOLD:AEI8581,1,,,
BOLD:AEI8793,1,,,
BOLD:AEJ1512,1,,,
BOLD:AEJ1824,1,,,
BOLD:AEJ1976,1,,,
BOLD:AEJ2493,2,,,
BOLD:AEJ3088,1,,,
BOLD:AEJ3126,1,,,
BOLD:AEJ3439,2,,,
BOLD:AEJ3962,1,,,
BOLD:AEJ4440,1,,,
BOLD:AEJ5234,1,,,
BOLD:AEJ5282,1,,,
BOLD:AEJ5325,1,,,
BOLD:AEJ5569,1,,,
BOLD:AEJ6297,1,,,
BOLD:AEJ8114,1,,,
BOLD:AEK0142,1,,,
BOLD:AEK1291,1,,,
BOLD:AEK4924,2,,,
BOLD:AEK5190,2,,,
BOLD:AEK5574,2,,,
BOLD:AEK6096,1,,,
BOLD:AEK7429,1,,,
BOLD:AEK9381,1,,,
BOLD:AEK9932,3,,,
BOLD:AEL1111,1,,,
BOLD:AEL1878,1,,,
BOLD:AEL4289,1,,,
BOLD:AEL4697,1,,,
BOLD:AEL7311,1,,,
BOLD:AEL7367,5,,,
BOLD:AEL7368,1,,,
BOLD:AEL7369,3,,,
BOLD:AEL7568,4,,,
BOLD:AEL8042,4,,,
BOLD:AEL8080,1,,,
BOLD:AEL8561,5,,,
BOLD:AEL8730,1,,,
BOLD:AEL8883,1,,,
BOLD:AEL8935,1,,,
BOLD:AEL8936,1,,,
BOLD:AEL9046,1,,,
BOLD:AEL9107,1,,,
BOLD:AEL9307,2,,,
BOLD:AEL9673,6,,,
BOLD:AEL9677,1,,,
BOLD:AEL9772,2,,,
BOLD:AEM0122,1,,,
BOLD:AEM0133,2,,,
BOLD:AEM0210,1,,,
BOLD:AEM0625,4,,,
BOLD:AEM0733,3,,,
BOLD:AEM0774,11,,,
BOLD:AEM0974,1,,,
BOLD:AEM1049,1,,,
BOLD:AEM1106,1,,,
BOLD:AEM1485,1,,,
BOLD:AEM1564,7,,,
BOLD:AEM1713,1,,,
BOLD:AEM2070,1,,,
BOLD:AEM2200,1,,,
BOLD:AEM2286,3,,,
BOLD:AEM2379,1,,,
BOLD:AEM2561,1,,,
BOLD:AEM3147,1,,,
BOLD:AEM3644,2,,,
BOLD:AEM3935,5,,,
BOLD:AEM3939,2,,,
BOLD:AEM3964,1,,,
BOLD:AEM4005,3,,,
BOLD:AEM4092,1,,,
BOLD:AEM4093,1,,,
BOLD:AEM4114,1,,,
BOLD:AEM4117,3,,,
BOLD:AEM4261,1,,,
BOLD:AEM4282,7,,,
BOLD:AEM4298,3,,,
BOLD:AEM4659,9,,,
BOLD:AEM4717,1,,,
BOLD:AEM5110,1,,,
BOLD:AEM5149,1,,,
BOLD:AEM5271,1,,,
BOLD:AEM5521,1,,,
BOLD:AEM5522,1,,,
BOLD:AEM5747,4,,,
BOLD:AEM5779,1,,,
BOLD:AEM5780,1,,,
BOLD:AEM5794,1,,,
BOLD:AEM5849,1,,,
BOLD:AEM6145,3,,,
BOLD:AEM6598,1,,,
BOLD:AEM6737,1,,,
BOLD:AEM6817,1,,,
BOLD:AEM7033,2,,,
BOLD:AEM7347,1,,,
BOLD:AEM7362,1,,,
BOLD:AEM7411,1,,,
BOLD:AEM7559,1,,,
BOLD:AEM7745,1,,,
BOLD:AEM7804,1,,,
BOLD:AEM7904,1,,,
BOLD:AEM7945,1,,,
BOLD:AEM8034,1,,,
BOLD:AEM8036,1,,,
BOLD:AEM8133,2,,,
BOLD:AEM8654,2,,,
BOLD:AEM8757,1,,,
BOLD:AEM8812,1,,,
BOLD:AEM8960,1,,,
BOLD:AEM8961,1,,,
BOLD:AEM8963,2,,,
BOLD:AEM9150,2,,,
BOLD:AEM9308,1,,,
BOLD:AEM9340,1,,,
BOLD:AEM9516,1,,,
BOLD:AEM9740,4,,,
BOLD:AEM9866,2,,,
BOLD:AEM9882,1,,,
BOLD:AEN0188,1,,,
BOLD:AEN0189,2,,,
BOLD:AEN0335,1,,,
BOLD:AEN0404,1,,,
BOLD:AEN0755,1,,,
BOLD:AEN0816,1,,,
BOLD:AEN0996,1,,,
BOLD:AEN1515,1,,,
BOLD:AEN1554,1,,,
BOLD:AEN1999,1,,,
BOLD:AEN2045,1,,,
BOLD:AEN2109,1,,,
BOLD:AEN2289,1,,,
BOLD:AEN2332,1,,,
BOLD:AEN2464,3,,,
BOLD:AEN2551,3,,,
BOLD:AEN2577,1,,,
BOLD:AEN2712,1,,,
BOLD:AEN2751,1,,,
BOLD:AEN2782,1,,,
BOLD:AEN2804,1,,,
BOLD:AEN3616,2,,,
BOLD:AEN3765,1,,,
BOLD:AEN4016,2,,,
BOLD:AEN4042,1,,,
BOLD:AEN4043,1,,,
BOLD:AEN4442,3,,,
BOLD:AEN4445,1,,,
BOLD:AEN4478,1,,,
BOLD:AEN4552,2,,,
BOLD:AEN4589,1,,,
BOLD:AEN4592,1,,,
BOLD:AEN4761,1,,,
BOLD:AEN4779,1,,,
BOLD:AEN4869,1,,,
BOLD:AEN5001,4,,,
BOLD:AEN5259,1,,,
BOLD:AEN5687,15,,,
BOLD:AEN6301,1,,,
BOLD:AEN6334,1,,,
BOLD:AEN6512,1,,,
BOLD:AEN6931,1,,,
BOLD:AEN7142,1,,,
BOLD:AEN7249,1,,,
BOLD:AEN7277,1,,,
BOLD:AEN7280,2,,,
BOLD:AEN7312,1,,,
BOLD:AEN7322,1,,,
BOLD:AEN7575,1,,,
BOLD:AEN7791,1,,,
BOLD:AEN7792,2,,,
BOLD:AEN7825,1,,,
BOLD:AEN7887,1,,,
BOLD:AEN7890,1,,,
BOLD:AEN8074,1,,,
BOLD:AEN8866,1,,,
BOLD:AEO2179,1,,,
BOLD:AEO2635,1,,,
BOLD:AEO3447,9,,,
BOLD:AEO6158,1,,,
BOLD:AEO9119,1,,,
BOLD:AEP1504,1,,,
BOLD:AEP1537,1,,,
BOLD:AEP1926,1,,,
BOLD:AEP2235,1,,,
BOLD:AEP3209,1,,,
BOLD:AEP3681,1,,,
BOLD:AER1623,1,,,
BOLD:AER2059,4,,,
BOLD:AER2060,1,,,
BOLD:AER3204,1,,,
BOLD:AER5192,49,,,
BOLD:AES2421,1,,,
BOLD:AES3459,2,,,
BOLD:AES3821,1,,,
BOLD:AES4851,1,,,
BOLD:AES5139,1,,,
BOLD:AES6587,1,,,
BOLD:AET2500,1,,,
BOLD:AET3846,1,,,
BOLD:AEU0043,1,,,
BOLD:AEW4878,1,,,
BOLD:AEX7581,1,,,
BOLD:AEY4657,1,,,
BOLD:AEY4706,7,,,
BOLD:AEY7511,2,,,
BOLD:AEZ3433,1,,,
BOLD:AFA2421,2,,,
BOLD:AFB6674,1,,,
BOLD:AFC2821,1,,,
BOLD:AFC3955,1,,,
BOLD:AFC4459,12,,,
BOLD:AFD3763,2,,,
BOLD:AFD4358,1,,,
BOLD:AFE3832,1,,,
BOLD:AFE5561,1,,,
BOLD:AFF7722,1,,,
BOLD:AFG9459,1,,,
BOLD:AFH1104,11,,,
BOLD:AFI0619,1,,,
BOLD:AFI0834,4,,,
BOLD:AFI2660,2,,,
BOLD:AFI4867,1,,,
BOLD:AFI7983,1,,,
BOLD:AFJ7212,1,,,
BOLD:AFK0427,1,,,
BOLD:AFK1700,1,,,
BOLD:AFK3573,1,,,
BOLD:AFK4856,2,,,
BOLD:AFK5645,2,,,
BOLD:AFK7296,1,,,
BOLD:AFK8110,1,,,
BOLD:AFK8281,6,,,
BOLD:AFK8428,1,,,
BOLD:AFK8429,1,,,
BOLD:AFL5430,1,,,
BOLD:AFL7356,1,,,
BOLD:AFL9092,3,,,
BOLD:AFL9590,7,,,
BOLD:AFL9597,2,,,
BOLD:AFL9699,1,,,
BOLD:AFM0934,1,,,
BOLD:AFM1009,1,,,
BOLD:AFM1055,1,,,
BOLD:AFM1778,2,,,
BOLD:AFM2001,1,,,
BOLD:AFM3145,1,,,
BOLD:AFM3439,1,,,
BOLD:AFM5497,1,,,
BOLD:AFM6118,1,,,
BOLD:AFM6845,1,,,
BOLD:AFM9387,1,,,
BOLD:AFM9388,1,,,
BOLD:AFN2016,2,,,
BOLD:AFO4387,1,,,
BOLD:AFR2842,40,,,
BOLD:AFS0278,1,,,
BOLD:AFU5153,1,,,
BOLD:AFV0480,1,,,
BOLD:AFW3873,10,,,
BOLD:AFW6095,1,,,
BOLD:AFX0960,1,,,
BOLD:AFX3524,1,,,
BOLD:AFX3588,1,,,
BOLD:AFX6927,1,,,
BOLD:AFY1702,1,,,
BOLD:AFY5200,1,,,
BOLD:AFY5228,2,,,
BOLD:AFY5241,1,,,
BOLD:AFY5265,1,,,
BOLD:AGA6212,7,,,
BOLD:AGA7086,1,,,
BOLD:AGA8446,1,,,
BOLD:AGB0786,1,,,
BOLD:AGB0838,1,,,
BOLD:AGB6026,1,,,
BOLD:AGB6038,1,,,
BOLD:AGC8052,1,,,
BOLD:AGD1334,1,,,
BOLD:AGD1389,1,,,
BOLD:AGE5188,1,,,
BOLD:AGE5189,1,,,
BOLD:AGE6682,1,,,
BOLD:AGE6698,1,,,
BOLD:AGE7300,1,,,
BOLD:AGG1712,6,,,
BOLD:AGG1770,2,,,
BOLD:AGG4274,1,,,